address,total_gnk,cases
gonka12av9up884t9lcsf70rs0l7jfmkmc8k9sxfuknt,87515.706412,"Case3a,Case3b_248,Case3c_250"
gonka1q5xt54wncgzk7dxv9x64uln68455g83wu9tugg,52989.936765,"Case2,Case4"
gonka1famtxh54kad6ylwtm60j6d7h6unpc08d4vdqnk,30915.639076,"Case2,Case3b_248"
gonka1umvyh0rz5fdmk9qhxurshhchennajced6f4s89,19853.590458,"Case2,Case3d_remaining"
gonka188c86f9mrlt4nlcg89f82nnfm9jzq9gtjafj50,11685.431400,"Case2,Case3a,Case3b_248"
gonka1dzdmx5ljrwkelrmgd7suv2q43epn293qacpgqn,10930.934355,"Case3a,Case3b_248"
gonka1r5hdy9q5v783ef7td98k4c68cxl6a58h5sytfq,4623.954018,"Case2,Case3b_248,Case3d_remaining"
gonka163ug8zucqeag9v5ey4au34jqt7vejkmxsg74eu,4086.605073,"Case4,Case3b_248,Case3c_250"
gonka1wkgawwdzj623ss8eywayzdj6qcgr2llygactje,3933.361320,"Case3b_248,Case3c_250"
gonka1zsvl7ujlc8z3a35v2q6e3nml7ftyk23v76jqgl,3409.330900,Case2
gonka1vcvn2p5gczr5pynqq0ca0933tdrf5w64sjgtdg,2481.939374,Case3b_248
gonka1wthc28t25pg63hzvl07rl8e8r6km6hesl6jhsz,2358.756296,"Case2,Case4,Case3b_248"
gonka17pw6099q758qwzewtrqmqpf5c2lrhr97fwqexu,1987.904622,"Case2,Case3b_248"
gonka1u9a7r4w76gult5n9ysadnual9fghkc6yda60wj,1945.265555,"Case2,Case3d_remaining"
gonka1pvkv59e72vju2h7s9j3ex62c5xneqey350vpwn,1927.972100,Case4
gonka125n6kr5gvdup0lndfkps7t6rd6592panhrg3np,1894.756997,"Case4,Case3b_248,Case3c_250"
gonka1dpt9zx2dqcky6yjjwrd8xz2w7lq6vffy9mhvgs,1841.921987,"Case2,Case3b_248,Case3d_remaining"
gonka1lswsj2x7u4606wqpunmm07skgf76r3dyz4v0d8,1827.469872,"Case2,Case3b_248,Case3d_remaining"
gonka10mmdjau4dnj8krs7sh7t7635ttnmq9u3vqgz09,1812.926330,"Case2,Case3b_248"
gonka1d694r00czmq75txghwjcuk07lxvc8d4ekgsha0,1780.381271,"Case2,Case3d_remaining"
gonka1ge9amk4ymld27d35akj3ky9uph4gyz6rdpepjj,1771.829231,"Case2,Case3b_248,Case3d_remaining"
gonka1jltjehxsnum94nt8c00ts7khmpy4lafv6gryzk,1741.951170,Case2
gonka1llgg3kvg9sc6xz09jtkcrucrppxgn78xe4xlv0,1727.750282,"Case2,Case3b_248,Case3d_remaining"
gonka145666cll76ptcyy9ceymtalr8gnvv73ne99p32,1688.729573,"Case2,Case3b_248,Case3d_remaining"
gonka1slndy4rsmld579628302rj5gz8z9qf4v6ppmc4,1602.460126,Case2
gonka19cjm4c5mt3j3qdr8vhytmm4hef3pnkvkm0x7m2,1581.661457,"Case4,Case3b_248,Case3c_250"
gonka187tn9y92ur6tu0zf69u94hwl0q77m47y0k36hv,1573.597372,Case2
gonka1pllyukkeymx3hfd9mts3pryr9y6efs9eshty87,1572.442861,Case2
gonka14tqh62mangwzrma2lgg2dm375rcjzn2ydy8ttm,1482.391068,Case2
gonka1043d00lu0v3fz53cut34twtcanalqg9u8vehp2,1478.451308,"Case2,Case3b_248,Case3d_remaining"
gonka1kx9mca3xm8u8ypzfuhmxey66u0ufxhs7nm6wc5,1446.802128,"Case3b_248,Case3c_250"
gonka1f0u3y2wneer8zhz3ypw4x54h38cpa0qsy8ts3e,1416.649392,"Case4,Case3b_248,Case3c_250"
gonka18xeqnspxpg2vncufnjne485rkaagwvz7whyn0d,1387.426691,"Case4,Case3b_248,Case3c_250"
gonka1t8p0tjqls358gmzvd3rnnjulraq2k3m772vnt8,1377.181840,Case3b_248
gonka19ghzvgfr065s3fr5awuvs3nhy9fq4n7wrr9kel,1348.734584,Case3b_248
gonka1h3s37p0l23mg6ak9h9nmayh6r9f2vm6umj3qet,1343.669924,Case2
gonka16k03ze5ynkprsd4n6e5uzhthvu9jjk553rauqy,1291.153511,Case2
gonka1zpw8tml8xl4fm6zm8zpf2u4pq4tehmd9e2vgq7,1252.141319,Case2
gonka1ccdm8j6sjyhq4qask049dwgaczs7f3pxte6zmp,1240.267552,"Case2,Case3b_248"
gonka12pcu9mcrpa4w4sjd9y3dsksnvu495ss6f9r4ra,1155.361073,Case2
gonka16q0zaetd6hq6d8zj48ur0v967xrrwh566kcazc,1122.206687,"Case2,Case3b_248,Case3d_remaining"
gonka12gc47yq8m7rnsa3aucq8mlzm7men8jaac7qkkz,1048.532370,Case3b_248
gonka1tlvg4kjx7ljd5thgd5fkgh39q6lu8cmxupktgg,1045.748557,"Case3b_248,Case3c_250"
gonka1mdy7nlecw4xaqdxmeh3qlqzakg9ftge9szfqgg,1042.787803,"Case4,Case3c_250"
gonka1y4kyhqy022gt4kklxxflgqkutnx96ssww66zg6,942.026558,"Case4,Case3c_250"
gonka1m27e6qup7q8jmvnrn29kahd7vlx6r4l84z4thz,889.089066,"Case3b_248,Case3c_250"
gonka1xwkesaxvdadh9wt9yyladu0r260s7whklcktds,858.868299,"Case4,Case3b_248"
gonka12fazh3etpdx947ldwen4wudnds7wu4kjp5vd76,811.918139,Case3b_248
gonka1lr9mj6dgkv0h76c8y8w0l3esztyg9v2q8d6d8d,806.228688,Case3b_248
gonka17ef5hl0588tmjm9ypw7t2kge78wrkcpvyspc0p,771.087961,Case3b_248
gonka1fp8zl07qccdzuekns2q55jgmcag40kjrm8z0z9,741.302011,Case3b_248
gonka12tfc6ccmadjqv6yaa3axxsuhy6zv6tupu78p8u,726.053879,Case3c_250
gonka1tl5m3vuqsx333v7095ymwjdc4vdk2wd9r5hqws,722.793158,Case3c_250
gonka1yal0ysgzc860zt3y8cds8656tnueusgymftvkw,705.402646,Case3c_250
gonka1fc9tzt83dgrqswlgay4668cuqjrk7zsqks2vm2,688.423583,Case3b_248
gonka17tlh09e32xpv2uj433ytjnwwd8fh24jclpzm5s,643.577322,Case3b_248
gonka1cckj93kp9kegry64scpn4ew9965g3qrswyshl9,599.735081,Case3b_248
gonka1y2a9p56kv044327uycmqdexl7zs82fs5ryv5le,579.778319,"Case2,Case3b_248"
gonka17fcahf38xh8ghzyyrc55tarz9nd0vw6xd29nsk,568.610436,Case3b_248
gonka1gyydhl9lp0udz3409ps0c0lk0y4ft8qcyv8tfq,562.251638,Case3b_248
gonka1nkzdygk3g2p2usnueuqxyep3462350hgzxs86s,558.904902,Case3b_248
gonka15rvksn9gxgpszyr8270cd4wj2x3d460r394uv4,552.211430,Case3b_248
gonka1usmu5mfu8vsafvsrsvdutl50vy8kumdhv0j2x9,552.211430,Case3b_248
gonka1psgzz288a434dv6863ldd73xma70zw7387muj2,548.864694,Case3b_248
gonka1ql9asemklpkpr2d4mh33xw5gj0g5tm0v98c5q3,548.864694,Case3b_248
gonka1vcawx5jc2hahydd9sqw30hlxyd9ppupm9ez0yz,542.171223,Case3b_248
gonka1p60lruhxmwcsa9taa28cp4k4f6kv2kvyu5h5ep,534.999150,"Case2,Case3b_248,Case3d_remaining"
gonka10snluhflqhmwl5xrpuy9ugevypxdjjsft370fq,525.437543,Case3b_248
gonka14g78ez2zy08k8sssue483zmfpgd4qut8zcwlqc,522.077665,Case3c_250
gonka1tmk2tzdneht6smu34pkmqdvu7p34qavvmwtwq2,515.397335,Case3b_248
gonka1830lqug50lse998x2lakk4pj5ypfumz5pasz0y,505.691801,Case3b_248
gonka168yvlgt9jg86frg2z90cc8w4pz9hnd7f8lshux,498.998329,Case3b_248
gonka1h2m79scgaq6ultrwge03wjk0ys4whgcejphmql,474.959200,Case4
gonka168rtjfkszuhcggg4dfyse4yh7xn9zwfglnkns2,451.760266,"Case2,Case3d_remaining"
gonka1dkl4mah5erqggvhqkpc8j3qs5tyuetgdy552cp,396.253535,Case3b_248
gonka1d7p03cu2y2yt3vytq9wlfm6tlz0lfhlgv9h82p,365.789060,"Case2,Case3b_248"
gonka1p2lhgng7tcqju7emk989s5fpdr7k2c3ek6h26m,365.789060,"Case2,Case3b_248"
gonka1fvly5jrewyjmjfgwah3khy9rttq4cqajcesv9p,357.960400,Case4
gonka1k6p754pyhxud2399knyccgjpjvdafj2u9xlgyf,329.318817,Case3b_248
gonka1eazh84v0e60s9m7exxp3nsadcfgvnsthgypjvl,311.581116,Case3b_248
gonka1zktn8j65wlys8a8e38hqhf4y3x6m4x04zskkrx,271.309892,Case2
gonka1x7zh2277spp7jfqjhv0g5mnezg290xdr4kpfnk,252.678564,Case3b_248
gonka1vjz8csqsr0ph0lv0yylc4auypnzrld7y6l2feu,233.997500,Case4
gonka1qwfrtz9c7kcrfkrrlne2pkcye74mj6ce33xdkl,220.215225,Case3b_248
gonka1l0qv64xdu3dk2zzm5vk97j0drcmkus95u50gqk,192.771990,Case3b_248
gonka10jjrlvkfkqupgudz0l603sq99y3wkt3urwjm0x,149.599097,Case3b_248
gonka1gyk0aahvr3qeju4zx0nplfreej6cy4jjk8svc5,142.236278,Case3b_248
gonka10t67f5zxh7canhuznxg7cperec6286jjqh5pey,140.897583,Case3b_248
gonka1uf5cg7ef0ns6877nl27y0s6rt06cdmn40k5a88,59.571900,Case3b_248
gonka15sptlamre9vq4m5t7pa7je5r2pc34kmlwvj0jz,23.911954,Case3c_250
